Customer_Id,prediction_RDF,prediction_DT,prediction_LR
5343-SGUBI,False,False,False
5442-BXVND,False,False,False
6434-TTGJP,False,False,False
1628-BIZYP,True,True,True
0298-XACET,False,False,False
8245-UMPYT,True,True,True
5366-OBVMR,False,False,False
1187-WILMM,False,False,False
0537-QYZZN,False,True,False
8778-LMWTJ,True,True,True
4912-PIGUY,True,True,True
9674-EHPPG,False,False,False
6712-OAWRH,False,True,True
4667-OHGKG,False,False,False
4378-MYPGO,False,False,False
9576-SYUHJ,False,True,False
8033-VCZGH,False,False,False
7982-VCELR,False,False,False
5619-XZZKR,False,False,False
1236-WFCDV,True,True,True
9661-MHUMO,True,False,False
2469-DTSGX,False,False,False
7021-XSNYE,False,False,False
9367-TCUYN,False,False,False
0461-CVKMU,False,False,False
7191-ADRGF,False,False,False
4137-JOPHL,False,False,False
1776-SPBWV,False,False,False
2245-ADZFJ,False,False,False
0581-MDMPW,False,True,True
8739-XNIKG,True,False,True
2195-VVRJF,False,False,False
3761-FLYZI,False,False,False
2958-NHPPS,False,False,False
7817-BOQPW,True,False,True
4660-IRIBM,False,False,False
9254-RBFON,False,False,False
0916-QOFDP,True,False,True
7996-BPXHY,False,False,False
6421-SZVEM,False,False,False
8361-LBRDI,False,False,False
2525-GVKQU,False,False,False
1936-CZAKF,False,False,False
2034-GDRCN,True,True,True
9909-DFRJA,False,False,False
9572-WUKSB,False,False,False
7273-TEFQD,True,True,True
4018-PPNDW,False,False,False
0655-RBDUG,True,True,True
2967-MXRAV,False,False,False
1319-YLZJG,True,True,True
4002-BQWPQ,False,False,False
4402-FTBXC,False,False,False
5198-EFNBM,False,False,False
7919-ZODZZ,False,False,False
0506-LVNGN,False,False,True
0076-LVEPS,False,False,False
6627-CFOSN,False,False,False
8191-XWSZG,False,False,False
2761-OCIAX,True,True,True
1063-DHQJF,False,False,False
9824-QCJPK,False,False,False
6227-HWPWX,False,False,False
0432-CAJZV,True,True,True
7054-LGEQW,True,False,False
2750-BJLSB,False,False,False
1475-VWVDO,False,True,True
0733-VUNUW,False,False,False
9143-CANJF,False,False,False
4713-LZDRV,True,True,True
4735-BJKOU,False,False,False
1716-LSAMB,False,False,False
2446-ZKVAF,False,True,False
7787-BNTZM,False,False,False
4480-MBMLB,False,False,False
4526-ZJJTM,False,False,False
7599-FKVXZ,True,True,False
6319-IEJWJ,True,True,True
3966-HRMZA,False,True,True
9648-BCHKM,False,False,False
3577-AMVUX,True,True,False
9822-WMWVG,True,False,False
4415-IJZTP,True,True,True
6080-TCMYC,True,False,False
5442-BHQNG,True,True,True
2091-MJTFX,False,False,False
2308-STERM,False,False,False
5850-BDWCY,False,False,False
7250-EQKIY,True,True,False
6723-WSNTY,False,True,False
3812-LRZIR,False,False,False
4695-VADHF,False,False,False
6726-NNFWD,False,False,False
7892-QVYKW,False,False,True
8735-NBLWT,False,False,False
3847-BAERP,False,False,False
4751-ERMAN,False,False,False
2930-UOTMB,False,False,False
9221-OTIVJ,True,True,True
3865-ZYKAD,False,False,False
2202-CUYXZ,True,True,True
0174-QRVVY,False,False,False
8930-XOTDP,False,False,False
7663-CUXZB,False,False,False
2188-SXWVT,False,False,False
3442-ZHHCC,False,True,False
2266-FUBDZ,False,False,False
3932-CMDTD,True,True,True
3345-PBBFH,False,False,False
6705-LXORM,False,False,True
5136-GFPMB,False,True,False
0376-YMCJC,True,True,True
4846-WHAFZ,True,True,False
9851-KIELU,True,False,True
2528-HFYZX,False,False,True
7055-HNEOJ,True,True,False
9114-DPSIA,False,False,False
6508-NJYRO,False,False,False
3120-FAZKD,False,False,False
2272-WUSPA,False,False,False
2480-EJWYP,False,False,False
4709-LKHYG,False,False,False
5644-PDMZC,True,False,True
5759-RCVCB,False,False,False
6946-LMSQS,False,False,False
9640-ZSLDC,False,False,False
8695-ARGXZ,True,True,True
6270-OMFIW,False,False,False
2325-ZUSFD,False,False,False
7762-ONLJY,False,False,False
1024-GUALD,False,False,True
8160-HOWOX,False,False,True
2604-IJPDU,True,True,False
2482-CZGBB,False,True,True
7005-CCBKV,True,True,True
9779-DPNEJ,False,True,True
4735-ASGMA,True,True,True
6693-DJWTY,False,False,False
4690-LLKUA,True,True,False
6968-MHOMU,False,False,False
0749-IRGQE,False,False,True
7641-TQFHN,False,False,False
7520-HQWJU,False,False,False
1707-HABPF,False,False,False
9638-JIQYA,True,True,False
8884-ADFVN,True,True,True
9107-UKCKY,False,False,False
4672-FOTSD,False,False,False
7249-WBIYX,True,True,True
2187-PKZAY,False,False,True
2587-EKXTS,False,True,False
1989-PRJHP,False,True,True
9928-BZVLZ,False,False,False
8676-TRMJS,False,False,True
1431-AIDJQ,False,False,False
4701-MLJPN,False,False,False
5996-NRVXR,False,False,False
3313-QKNKB,False,False,False
5014-WUQMG,False,False,False
9701-CDXHR,False,True,False
4323-ELYYB,False,False,False
9944-AEXBM,False,True,True
6331-LWDTQ,False,False,True
5469-CTCWN,False,False,False
9058-CBREO,False,True,False
4376-KFVRS,False,False,False
3877-JRJIP,False,True,True
6377-WHAOX,False,False,False
2075-PUEPR,False,False,False
2522-WLNSF,False,False,False
5542-TBBWB,True,True,True
8393-DLHGA,True,True,True
7803-XOCCZ,False,True,False
4937-QPZPO,False,True,False
5816-SCGFC,False,False,False
3540-RZJYU,False,True,False
4098-NAUKP,False,False,False
2485-ITVKB,True,True,True
8582-KRHPJ,False,False,False
6257-RJOHI,False,False,False
0616-ATFGB,True,False,False
0761-AETCS,False,False,False
3930-ZGWVE,True,True,False
8212-DJRCH,True,False,True
5207-PLSTK,True,True,False
0841-NULXI,True,True,True
1403-GYAFU,False,False,False
5519-TEEUH,False,False,False
6429-SHBCB,False,False,False
2190-BCXEC,True,True,False
1194-SPVSP,True,True,False
7636-PEPNS,False,False,False
6741-EGCBI,False,False,False
9359-UGBTK,False,False,False
8699-ASUFO,True,True,True
4332-MUOEZ,False,False,False
6681-ZSEXG,False,False,False
3716-BDVDB,True,True,True
2162-FRZAA,False,False,False
7410-YTJIK,False,False,True
3717-FDJFU,False,True,False
9979-RGMZT,True,False,True
4919-IKATY,False,False,True
8707-HOEDG,False,False,False
6332-FBZRI,False,False,False
1095-WGNGG,False,False,False
7392-YYPYJ,True,True,True
4884-ZTHVF,True,True,True
0322-CHQRU,True,True,False
3071-MVJCD,False,False,False
6917-FIJHC,False,False,False
0559-CKHUS,False,False,False
0668-OGMHD,False,False,False
0134-XWXCE,False,False,False
2984-TBYKU,False,False,False
9372-TXXPS,False,False,False
4256-ZWTZI,False,True,False
8311-UEUAB,False,True,False
9717-QEBGU,True,True,True
1110-KYLGQ,False,False,False
6175-IRFIT,False,False,True
9710-ZUSHQ,False,True,False
4086-WITJG,False,False,False
2277-DJJDL,False,False,False
6234-PFPXL,False,False,False
3207-OYBWH,False,False,False
0254-KCJGT,False,False,False
7017-VFULY,False,False,False
8345-MVDYC,False,False,False
0684-AOSIH,True,True,True
3858-VOBET,False,True,True
2573-GYRUU,True,True,False
2821-WARNZ,False,False,False
3795-GWTRD,False,False,False
9530-GRMJG,False,False,False
9450-TRJUU,True,True,False
2439-LYPMQ,True,True,True
8741-LQOBK,False,False,False
8782-NUUOL,False,False,False
4283-FUTGF,True,True,True
5609-CEBID,True,True,True
3508-VLHCZ,False,False,False
0164-XAIRP,False,False,False
6968-URWQU,False,False,False
0685-MLYYM,True,True,True
8231-BSWXX,False,False,False
8457-XIGKN,False,False,False
1751-NCDLI,True,False,True
5473-KHBPS,False,False,False
9732-KPKBW,False,False,False
6993-YCOBK,False,False,False
4817-KEQSP,False,False,False
7997-EASSD,False,False,False
3097-IDVPU,False,True,False
9586-JGQKH,False,False,False
7954-MLBUN,False,False,False
2612-PHGOX,False,False,False
8547-NSBBO,False,False,False
3967-VQOGC,False,False,False
2335-GSODA,False,False,False
7838-LAZFO,False,False,False
4317-VTEOA,False,False,False
2729-VNVAP,False,False,False
8445-DNBAE,False,True,True
4422-QVIJA,False,False,False
5889-JTMUL,False,False,False
0057-QBUQH,False,False,False
1452-XRSJV,False,False,False
8623-ULFNQ,False,False,False
4877-TSOFF,False,False,False
6127-ISGTU,False,False,True
6711-VTNRE,False,False,False
7336-RLLRH,False,False,False
6734-FQAJX,False,False,False
6999-CHVCF,False,False,False
6856-RAURS,True,True,True
1360-XFJMR,False,True,False
7873-CVMAW,False,False,False
1218-VKFPE,False,False,False
6685-GBWJZ,False,False,False
4940-KHCWD,False,False,False
2212-LYASK,False,False,False
6683-VLCTZ,True,True,True
1699-UOTXU,False,False,False
6023-YEBUP,True,True,True
8713-IGZSO,False,False,False
0866-QLSIR,False,False,False
4702-HDRKD,False,False,False
3181-MIZBN,False,True,False
5751-USDBL,False,False,False
5127-BZENZ,False,False,False
9289-LBQVU,False,False,False
4726-DLWQN,False,False,False
0365-TRTPY,False,False,False
1936-UAFEH,False,True,False
7338-ERIVA,False,False,False
1494-EJZDW,False,False,False
1084-UQCHV,True,True,True
8041-TMEID,False,True,False
3027-YNWZU,False,False,False
0742-LAFQK,False,False,False
1370-GGAWX,False,False,False
9079-YEXQJ,False,False,False
9741-YLNTD,True,False,True
5606-AMZBO,True,False,False
6184-DYUOB,False,False,False
7717-BICXI,False,False,False
5213-TWWJU,False,False,False
5893-PYOLZ,False,False,False
2108-YKQTY,False,False,False
2320-TZRRH,False,False,False
9637-EIHEQ,False,False,False
1133-KXCGE,False,False,False
6969-MVBAI,True,True,True
0970-ETWGE,True,True,True
1867-BDVFH,True,False,True
8207-VVMYB,False,False,False
3967-KXAPS,False,False,False
1927-QEWMY,False,False,False
1754-GKYPY,True,True,True
3161-ONRWK,False,False,False
2878-DHMIN,False,False,False
9867-JCZSP,False,False,False
8849-AYPTR,False,False,False
8775-ERLNB,True,True,True
4581-LNWUM,False,False,True
1525-LNLOJ,False,False,False
8165-ZJRNM,False,False,False
1459-QNFQT,False,False,False
0337-CNPZE,True,False,True
9804-ICWBG,True,True,True
0058-EVZWM,False,True,False
9474-PHLYD,False,False,False
3587-PMCOY,True,True,True
2860-RANUS,True,True,True
5482-PLVPE,False,False,True
2800-QQUSO,True,False,True
2061-VVFST,False,False,False
1976-AZZPJ,False,False,False
4742-TXUEX,False,False,False
1926-QUZNN,False,False,False
0235-KGSLC,True,True,True
3973-SKMLN,False,False,False
0983-TATYJ,False,False,False
2669-QVCRG,False,False,False
9838-BFCQT,False,False,False
0310-MVLET,False,False,False
3466-WAESX,False,False,False
5804-JMYIO,False,False,False
6776-TLWOI,False,False,False
8985-OOPOS,True,True,False
5181-OABFK,False,False,False
6769-DYBQN,True,True,False
5380-WJKOV,True,False,True
5461-QKNTN,False,True,False
5271-YNWVR,False,False,False
9351-HXDMR,False,False,False
7632-YUTXB,False,False,False
5697-GOMBF,False,False,False
6630-UJZMY,True,True,True
7322-OCWHC,False,False,False
3247-ZVOUO,True,False,True
5331-RGMTT,True,True,False
5692-FPTAH,False,False,False
9330-DHBFL,False,False,False
7928-VJYAB,True,False,True
9375-MHRRS,False,False,False
4501-UYKBC,False,False,False
6203-HBZPA,False,False,False
7130-CTCUS,False,False,False
0440-UEDAI,False,False,False
7218-HKQFK,True,True,True
3223-WZWJM,True,True,True
9508-ILZDG,True,True,True
6445-TNRXS,False,False,False
6077-BDPXA,False,False,True
9945-PSVIP,False,False,False
7363-QTBIW,True,True,True
5302-BDJNT,True,True,False
4329-YPDDQ,True,False,False
7623-TRNQN,False,False,False
7893-IXHRQ,False,False,False
0230-UBYPQ,False,True,False
1471-GIQKQ,False,False,False
8033-ATFAS,False,False,False
5609-IMCGG,False,True,False
8718-PTMEZ,False,False,False
9114-AAFQH,False,False,False
2388-LAESQ,False,False,False
9381-NDKME,True,True,False
1963-VAUKV,False,False,False
5240-CAOYT,False,False,False
6713-OKOMC,False,True,False
7677-SJJJK,False,True,False
0327-WFZSY,False,True,False
5136-RGMZO,False,False,False
0023-UYUPN,False,False,False
4819-HJPIW,False,False,False
0265-PSUAE,True,True,False
5650-YLIBA,False,False,True
0997-YTLNY,False,False,False
5032-MIYKT,True,True,True
3978-YNKDD,False,False,False
2252-JHJGE,False,False,False
9167-APMXZ,False,False,True
8590-YFFQO,False,False,False
4090-KPJIP,True,True,True
6664-FPDAC,False,False,False
6284-AHOOQ,False,True,True
7952-OBOYL,True,False,True
5022-JNQEQ,True,False,True
8714-EUHJO,False,True,True
1929-ZCBHE,False,False,False
9355-NPPFS,False,False,True
3466-RITXD,False,False,False
4821-WQOYN,False,False,False
1820-DJFPH,False,False,False
8849-GYOKR,False,True,False
0135-NMXAP,True,False,True
7957-RYHQD,False,False,False
3470-OBUET,False,False,False
7471-MQPOS,False,True,False
4817-VYYWS,True,True,True
3910-MRQOY,False,False,False
3317-VLGQT,False,False,True
0883-EIBTI,False,False,False
0513-RBGPE,False,False,False
0730-KOAVE,False,False,False
0959-WHOKV,False,True,False
8909-BOLNL,False,False,False
1143-NMNQJ,True,True,True
7401-JIXNM,False,False,False
7277-OZCGZ,False,True,False
2165-VOEGB,False,False,False
1767-CJKBA,False,False,False
3642-BYHDO,False,False,False
0839-JTCUD,False,False,False
4547-LYTDD,False,False,True
2887-JPYLU,False,False,False
0430-IHCDJ,False,False,False
9274-CNFMO,True,False,True
6166-ILMNY,True,True,True
1310-QRITU,False,False,False
9286-DOJGF,False,False,False
7278-CKDNC,True,True,True
6766-HFKLA,False,False,False
4301-VVZKA,False,False,True
9644-UMGQA,True,True,False
9565-JSNFM,False,False,False
2665-NPTGL,True,True,True
2019-HDCZY,False,False,False
8739-WWKDU,True,True,True
1942-OQFRW,False,True,False
6137-NICCO,True,True,True
6646-QVXLR,False,False,False
4785-QRJHC,False,False,False
6734-PSBAW,False,False,False
3523-QRQLL,False,False,False
2959-FENLU,False,False,True
4248-QPAVC,False,False,False
7032-LMBHI,False,False,False
8089-UZWLX,False,True,False
2025-JKFWI,True,True,True
3887-PBQAO,False,False,False
1023-BQXZE,False,False,False
8213-TAZPM,False,False,False
1965-DDBWU,False,True,True
3199-XGZCY,False,False,True
3338-CVVEH,True,False,True
7181-BQYBV,True,True,True
6899-PPEEA,True,True,True
9548-LERKT,False,False,False
0524-IAVZO,False,False,True
3018-TFTSU,False,False,False
8619-IJNDK,False,False,False
8671-KKKOS,False,False,False
4304-TSPVK,False,False,False
4706-DGAHW,True,False,False
8757-TFHHJ,False,False,False
8280-MQRQN,True,False,False
6402-EJMWF,False,False,False
8166-ORCHU,False,False,False
8390-FESFV,False,False,False
6890-PFRQX,False,False,False
0052-YNYOT,False,False,False
6701-YVNQG,False,False,False
9927-DSWDF,True,True,False
0257-KXZGU,False,True,False
4815-YOSUK,False,False,False
2055-SIFSS,False,False,False
2203-GHNWN,False,False,True
9788-YTFGE,False,False,False
9430-NKQLY,False,False,False
0516-OOHAR,False,True,False
1265-HVPZB,False,True,False
1568-BEKZM,False,False,False
5574-NXZIU,False,True,False
8622-ZLFKO,True,True,True
7279-NMVJC,False,False,False
2606-RMDHZ,False,False,False
6559-RAKOZ,False,False,False
1172-VIYBP,False,False,False
0123-CRBRT,False,False,False
6953-PBDIN,False,False,False
1587-FKLZB,False,True,False
6258-NGCNG,False,False,False
3511-BFTJW,False,False,False
7603-USHJS,False,True,True
2599-CZABP,False,False,False
1179-INLAT,False,False,False
3400-ESFUW,False,False,False
7531-GQHME,False,True,False
3396-DKDEL,False,False,False
8819-ZBYNA,False,False,False
5550-VFRLC,True,True,True
2609-IAICY,True,True,True
1910-FMXJM,True,False,False
1112-CUNAO,True,False,True
5226-NOZFC,False,True,True
7235-NXZCP,True,True,True
2146-EGVDT,False,False,False
7395-XWZOY,False,False,False
9589-ABEPT,False,False,False
7669-LCRSD,False,False,False
1113-IUJYX,True,False,False
4760-THGOT,False,False,False
9906-NHHVC,False,True,False
5357-TZHPP,True,True,True
3985-HOYPM,False,False,False
2398-YPMUR,False,True,True
4627-MIHJH,False,True,False
6418-HNFED,False,False,False
8938-UMKPI,False,False,True
8584-KMVXD,False,False,True
6461-PPAXN,False,False,False
1629-DQQVB,False,False,False
0913-XWSCN,False,True,False
4299-OPXEJ,False,False,False
9820-RMCQV,False,False,False
8788-DOXSU,False,False,False
2824-DXNKN,False,False,False
2649-HWLYB,False,False,False
6292-TOSSS,False,False,False
1522-VVDMG,True,False,True
8645-KOMJQ,False,False,False
2434-EEVDB,False,False,False
7534-BFESC,False,True,True
4003-FUSHP,False,False,False
9819-FBNSV,True,True,False
4983-CCWMC,False,False,True
2514-GINMM,True,True,True
0377-JBKKT,False,False,False
5566-SOEZD,False,False,False
1925-LFCZZ,False,False,False
2955-BJZHG,False,False,True
7789-CRUVC,False,False,False
3705-PSNGL,False,False,False
6223-DHJGV,False,False,False
9445-SZLCH,False,False,False
4634-JLRJT,True,True,False
2995-UPRYS,False,False,False
3717-OEAUQ,False,True,True
1360-JYXKQ,False,False,False
7995-ZHHNZ,False,False,False
5016-IBERQ,False,False,False
6543-XRMYR,True,True,True
2668-TZSPS,False,False,False
2788-CJQAQ,False,False,False
5774-QPLTF,False,False,False
6967-PEJLL,False,False,False
8053-WWDRO,False,False,False
2208-NKVVH,False,False,False
2309-OSFEU,False,True,True
2692-PFYTJ,False,False,False
9544-PYPSJ,False,False,False
9633-DENPU,False,False,False
7067-KSAZT,False,False,False
4619-EVPHY,False,False,False
5766-ZJYBB,False,True,False
2858-EIMXH,True,True,False
1809-DMJHQ,False,False,False
0040-HALCW,False,False,False
8580-QVLOC,False,False,False
5204-HMGYF,False,False,False
2498-XLDZR,False,False,False
6322-HRPFA,False,False,False
4927-WWOOZ,True,True,True
2501-XWWTZ,False,False,True
3913-FCUUW,False,False,False
2511-MORQY,False,False,False
2087-QAREY,False,False,False
0330-IVZHA,False,False,True
1530-ZTDOZ,False,False,False
2233-TXSIU,False,False,False
7354-OIJLX,False,False,True
8219-VYBVI,False,False,False
2926-JEJJC,False,False,False
4079-VTGLK,False,False,False
7010-ZMVBF,False,False,False
3948-FVVRP,False,True,False
8650-RHRKE,True,False,True
7634-HLQJR,False,False,False
5129-JLPIS,True,True,True
0295-PPHDO,True,True,True
4229-CZMLL,True,True,True
1702-CCFNJ,False,True,False
6583-SZVGP,False,False,False
2325-NBPZG,True,False,True
4445-ZJNMU,True,True,True
4237-CLSMM,False,False,False
4277-BWBML,False,False,False
6173-GOLSU,False,False,False
0962-CQPWQ,False,False,False
4946-EDSEW,False,False,False
9135-HSWOC,False,False,False
0258-NOKBL,False,True,True
9867-XOBQA,False,False,False
4950-HKQTE,False,False,False
9313-QOLTZ,False,False,False
6784-XYJAE,False,False,False
3524-WQDSG,False,True,False
2865-TCHJW,True,True,True
9931-KGHOA,False,False,False
2378-HTWFW,False,False,False
5376-DEQCP,True,True,True
8805-JNRAZ,False,False,False
7209-JCUDS,True,True,True
5161-XEUVX,False,False,False
3658-KIBGF,True,True,False
2466-FCCPT,False,False,False
7036-TYDEC,False,True,False
6265-SXWBU,False,True,False
9962-BFPDU,False,False,False
1536-HBSWP,False,False,False
1848-LBZHY,False,False,False
0106-UGRDO,False,False,False
1945-XISKS,False,False,False
8400-WZICQ,False,False,False
3884-UEBXB,False,False,False
0778-NELLA,False,True,False
3324-OIRTO,False,False,False
9919-FZDED,False,False,False
6861-XWTWQ,True,True,True
7879-CGSFV,False,False,False
6048-QBXKL,False,False,False
2038-LLMLM,False,False,False
1096-ADRUX,False,False,False
4067-HLYQI,True,True,False
6823-SIDFQ,False,False,False
0707-HOVVN,False,False,False
1271-UODNO,False,False,False
2845-HSJCY,True,True,True
2971-SGAFL,False,False,True
0297-RBCSG,False,True,False
9079-LWTFD,False,True,False
1866-DIOQZ,False,False,False
2077-MPJQO,True,True,True
4818-QIUFN,True,True,True
2924-KHUVI,False,True,False
5846-QFDFI,False,True,False
9685-WKZGT,True,False,True
6377-KSLXC,False,False,False
6134-KWTBV,False,False,False
2207-RYYRL,False,False,False
4323-SADQS,False,True,False
2386-LAHRK,False,False,False
9986-BONCE,False,False,False
1357-BIJKI,False,False,False
2307-FYNNL,True,True,False
9692-TUSXH,True,True,True
5702-KVQRD,False,False,False
4945-RVMTE,False,False,False
1385-TQOZW,False,False,False
8559-CIZFV,False,False,False
5018-LXQQG,False,False,False
5297-MDOIR,False,False,False
4570-QHXHL,True,True,False
6891-JPYFF,False,False,False
3623-FQBOX,False,False,False
4753-PADAS,False,True,False
2843-CQMEG,False,False,False
6096-EGVTU,False,False,False
8258-GSTJK,True,True,True
8181-YHCMF,False,False,False
4223-BKEOR,False,False,False
7504-UWHNB,False,True,False
8204-TIFGJ,False,False,False
7971-HLVXI,False,False,False
3125-RAHBV,False,False,False
3209-ZPKFI,False,False,False
4647-MUZON,True,False,True
6625-FLENO,False,False,False
3727-OWVYD,False,True,False
5760-FXFVO,True,True,True
1574-DYCWE,False,False,False
2484-DGXPZ,False,False,False
7647-GYYKX,False,False,False
2480-SQIOB,True,False,False
0004-TLHLJ,False,False,True
0637-YLETY,True,True,True
7912-SYRQT,False,False,True
6374-AFWOX,False,False,False
5457-COLHT,False,False,False
0725-CXOTM,False,True,False
2332-TODQS,False,False,False
1090-ESELR,False,False,False
5186-EJEGL,False,True,False
7690-KPNCU,False,False,False
6568-POCUI,False,False,False
2159-TURXX,False,False,False
7516-GMHUV,False,False,False
6061-GWWAV,False,False,False
9950-MTGYX,False,False,False
4686-GEFRM,False,False,False
6230-BSUXY,True,True,True
2746-DIJLO,False,False,False
7654-YWJUF,False,False,False
1264-BYWMS,True,True,False
3902-MIVLE,False,False,False
6527-PZFPV,False,False,False
9746-UGFAC,False,False,False
3750-YHRYO,False,False,False
0732-OCQOC,False,False,False
0263-FJTQO,False,False,False
3179-GBRWV,False,False,False
3420-YJLQT,True,True,True
3865-ZFZIB,False,False,False
3957-SQXML,False,False,False
8696-JKZNU,True,True,True
0096-BXERS,False,True,False
7808-DVWEP,False,False,False
7495-OOKFY,True,True,True
2684-EIWEO,False,False,False
3594-KADLU,True,True,False
7729-XBTWX,False,False,False
5223-UZAVK,False,False,False
7251-XFOIL,False,False,False
8779-YIQQA,False,False,False
4785-FCIFB,False,False,False
4526-EXKKN,False,False,False
4208-UFFGW,False,False,False
2672-OJQZP,False,True,False
1902-XBTFB,True,True,True
5917-HBSDW,False,False,False
6710-HSJRD,False,False,False
6877-LGWXO,False,False,True
0488-GSLFR,True,True,True
5122-CYFXA,True,True,True
6194-HBGQN,False,False,False
5356-KZCKT,False,False,False
5808-TOTXO,False,False,False
6119-SPUDB,False,False,False
0301-FIDRB,False,False,False
0310-VQXAM,False,False,False
5828-AVIPD,True,True,False
1729-VLAZJ,False,True,False
8821-XNHVZ,True,True,True
1744-JHKYS,False,False,False
7359-WWYJV,False,False,False
1035-IPQPU,False,False,False
2985-FMWYF,True,True,True
7369-TRPFD,False,False,False
0019-EFAEP,False,False,False
2043-WVTQJ,True,True,False
2250-IVBWA,False,False,False
6483-OATDN,False,True,False
1894-IGFSG,True,True,True
9822-BIIGN,False,False,False
3756-VNWDH,False,False,False
2129-ALKBS,False,False,False
2171-UDMFD,False,False,False
7251-LJBQN,False,False,False
6950-TWMYB,False,False,False
5133-POWUA,True,True,False
4830-FAXFM,False,True,False
8690-UPCZI,False,False,False
6507-ZJSUR,False,True,True
9507-EXLTT,True,True,True
2987-BJXIK,False,False,False
3331-HQDTW,False,False,False
7764-BDPEE,False,False,False
8292-ITGYJ,False,False,False
6834-NXDCA,False,False,False
5170-PTRKA,False,False,False
5178-LMXOP,True,True,True
1174-FGIFN,False,False,False
1492-QGCLU,False,False,False
1087-UDSIH,False,False,False
9992-UJOEL,False,False,False
5186-SAMNZ,True,True,True
5498-IBWPI,False,False,False
2346-LOCWC,False,False,False
3831-YCPUO,False,False,False
9378-FXTIZ,False,False,False
6729-GDNGC,False,False,False
7139-JZFVG,False,False,False
1051-EQPZR,False,False,False
2169-RRLFW,False,False,False
1796-JANOW,False,False,False
6993-YGFJV,False,False,False
5536-RTPWK,False,True,False
9374-YOLBJ,False,False,False
0567-GGCAC,False,True,False
6872-HXFNF,False,False,False
7816-VGHTO,False,True,False
0689-NKYLF,False,True,True
0625-AFOHS,False,False,False
9758-MFWGD,False,True,False
1069-XAIEM,True,True,True
3729-OWRVL,False,True,False
4703-MQYKT,False,False,False
8593-WHYHV,True,True,True
5081-NWSUP,False,False,False
8873-TMKGR,False,False,False
2279-AXJJK,False,False,False
8869-TORSS,False,False,False
3090-QFUVD,False,False,False
8028-PNXHQ,False,False,False
6338-AVWCY,True,True,True
7130-VTEWQ,True,False,True
6171-ZTVYB,False,False,False
0531-XBKMM,False,False,False
8709-KRDVL,True,True,True
0201-MIBOL,False,False,False
5402-HTOTQ,False,False,False
2907-ILJBN,False,False,False
0794-YVSGE,False,False,False
4903-CNOZC,False,False,False
3006-XIMLN,True,True,True
7254-IQWOZ,True,True,True
2257-BOVXD,False,False,False
6349-JDHQP,False,False,False
3721-CNEYS,True,True,True
8591-TKMZH,False,False,False
5876-HZVZM,False,False,False
6848-HJTXY,False,False,False
3982-XWFZQ,False,False,False
1862-QRWPE,False,False,False
5245-VDBUR,False,False,False
2323-ARSVR,False,False,False
0082-OQIQY,False,False,True
4464-JCOLN,False,False,False
8397-MVTAZ,False,False,True
5666-MBJPT,False,False,False
0463-ZSDNT,False,False,False
1559-DTODC,False,False,False
2696-ECXKC,False,True,False
9048-JVYVF,False,True,True
9643-AVVWI,True,False,True
5917-RYRMG,False,False,False
6345-FZOQH,False,False,False
7649-PHJVR,False,False,False
5505-OVWQW,False,False,False
6848-YLDFR,False,True,False
3891-PUQOD,True,True,False
3069-SSVSN,False,False,False
7998-WNZEM,False,False,False
3088-FVYWK,False,False,False
7503-QQRVF,False,False,False
1131-ALZWV,False,False,False
6032-KRXXO,False,False,True
5590-YRFJT,False,False,False
0923-PNFUB,False,False,True
1038-RQOST,False,False,False
9330-VOFSZ,False,False,False
3235-ETOOB,True,False,True
6164-HXUGH,False,False,False
3143-JQEGI,True,True,True
7061-OVMIM,False,False,False
2000-MPKCA,False,True,False
6583-KQJLK,True,True,True
6773-LQTVT,False,False,False
1400-MMYXY,True,False,True
5469-NUJUR,False,False,False
3229-USWAR,False,False,False
0475-RIJEP,False,True,False
7426-WEIJX,False,False,False
6234-RAAPL,False,False,False
0727-BNRLG,False,False,False
1227-UDMZR,False,False,False
8792-AOROI,False,False,False
2758-RNWXS,False,True,False
2369-FEVNO,True,True,False
8532-UEFWH,False,False,False
2070-FNEXE,False,False,False
0121-SNYRK,False,False,False
1555-HAPSU,False,False,False
2616-FLVQC,False,False,False
3422-WJOYD,False,False,False
4818-DRBQT,False,False,False
5533-RJFTJ,False,True,False
4054-CUMIA,False,False,False
3173-NVMPX,False,False,False
4541-RMRLG,False,False,False
4184-VODJZ,False,False,False
2187-LZGPL,False,False,False
7619-ODSGN,False,False,False
1697-NVVGY,False,False,False
2754-SDJRD,True,False,True
6919-ELBGL,False,False,False
3325-FUYCG,False,False,False
5949-HGVJL,False,False,False
7909-FIOIY,False,False,False
2720-FVBQP,False,True,False
3055-VTCGS,False,False,False
1257-SXUXQ,False,False,False
9715-WZCLW,False,False,False
7587-RZNME,False,False,False
8086-OVPWV,True,True,True
9070-BCKQP,False,False,False
5863-OOKCL,False,False,False
9122-UMROB,False,False,False
6376-GAHQE,False,False,True
6064-ZATLR,False,False,False
6900-RBKER,False,False,False
8212-CRQXP,False,False,False
8000-REIQB,True,False,True
8735-DCXNF,False,False,False
5306-BVTKJ,False,False,False
4013-GUXND,False,False,False
3239-TPHPZ,False,False,False
6473-ULUHT,False,False,False
6598-RFFVI,False,False,False
3320-VEOYC,True,True,True
6013-BHCAW,False,False,False
7266-GSSJX,False,False,False
9033-EOXWV,False,False,False
6060-QBMGV,False,False,False
4359-INNWN,False,False,False
4512-ZUIYL,True,True,True
9025-ZRPVR,False,False,False
5844-QVTAT,False,False,False
2885-HIJDH,False,False,False
9163-GHAYE,False,False,False
8840-DQLGN,False,False,False
9308-ANMVE,False,False,False
7663-RGWBC,False,False,False
3413-CSSTH,False,False,False
3787-TRIAL,False,True,False
1730-VFMWO,False,False,False
5524-KHNJP,False,False,False
3292-PBZEJ,True,True,True
0661-KBKPA,False,False,False
2737-YNGYW,True,True,True
9248-OJYKK,True,True,True
9190-MFJLN,True,False,True
2041-JIJCI,False,True,True
6733-LRIZX,False,False,False
7579-OOPEC,True,True,False
5495-GPSRW,False,False,False
9339-FIIJL,False,False,False
8590-OHDIW,False,False,False
0440-QEXBZ,False,False,False
9039-RBEEE,False,False,False
0909-SELIE,False,False,False
9214-EKVXR,False,True,False
3982-JGSFD,False,False,False
2005-DWQZJ,False,False,False
6128-AQBMT,False,True,False
3489-VSFRD,False,False,False
4825-FUREZ,False,False,False
7311-MQJCH,False,False,False
7602-DBTOU,False,False,False
6519-ZHPXP,False,False,False
2012-NWRPA,True,True,True
1016-DJTSV,False,False,True
1830-IPXVJ,False,False,False
6023-GSSXW,False,False,False
0979-PHULV,False,False,False
8190-ZTQFB,False,False,False
5696-JVVQY,False,False,False
1709-EJDOX,False,False,False
5296-BFCYD,False,False,False
9283-LZQOH,True,False,True
9140-CZQZZ,False,False,False
9094-AZPHK,True,True,True
9138-EFSMO,False,False,False
7629-WIXZF,False,True,False
3970-XGJDU,False,False,False
5334-AFQJB,False,False,False
9279-CJEOJ,True,True,True
8155-IBNHG,False,True,False
7529-ZDFXI,False,False,False
0048-PIHNL,False,False,False
8735-SDUFN,False,False,False
0868-VJRDR,False,False,False
4360-QRAVE,False,True,False
1092-GANHU,False,False,True
0769-MURVM,False,False,False
2812-REYAT,False,False,False
4693-VWVBO,False,False,False
2263-SFSQZ,False,False,False
7851-FLGGQ,True,True,True
9917-KWRBE,False,False,False
8125-QPFJD,False,False,False
1200-TUZHR,True,True,True
9209-NWPGU,False,False,False
1088-AUUZZ,False,False,False
2778-OCLGR,True,False,False
8993-PHFWD,False,False,False
9932-WBWIK,False,False,False
7337-CINUD,False,False,False
8620-RJPZN,False,False,False
8020-BWHYL,False,True,True
6328-ZPBGN,True,True,True
1335-NTIUC,True,True,True
0952-KMEEH,True,True,True
2773-MADBQ,False,False,False
0979-MOZQI,False,False,False
5651-YLPRD,False,True,False
9128-CPXKI,False,False,False
1444-VVSGW,False,True,False
3679-XASPY,False,False,False
8809-XKHMD,False,False,False
1100-DDVRV,False,False,True
7901-TBKJX,True,True,True
6317-YPKDH,False,False,False
7567-ECMCM,False,True,True
3354-OADJP,False,False,False
3487-EARAT,False,True,False
6543-CPZMK,False,False,False
8592-PLTMQ,False,False,False
1302-UHBDD,True,True,True
2919-HBCJO,True,True,True
1395-OFUWC,False,False,False
3096-IZETN,False,False,True
2782-LFZVW,False,False,False
7409-KIUTL,True,True,True
4737-HOBAX,False,False,False
9112-WSNPU,True,False,False
8059-UDZFY,False,False,True
8414-MYSHR,True,False,True
7750-EYXWZ,False,False,False
9842-EFSYY,False,True,False
0365-GXEZS,False,False,False
4412-YLTKF,True,True,True
5445-PZWGX,False,False,False
0402-OAMEN,False,False,False
6854-EXGSF,False,False,False
2227-JRSJX,False,False,True
0164-APGRB,False,False,False
9465-RWMXL,True,True,True
5951-AOFIH,False,False,False
1956-YIFGE,False,False,False
3363-DTIVD,False,False,False
3893-JRNFS,False,True,False
0576-WNXXC,True,True,True
9480-BQJEI,False,False,False
3649-JPUGY,False,False,False
2040-OBMLJ,False,False,False
0823-HSCDJ,False,True,False
5025-GOOKI,False,True,False
2798-NYLMZ,False,False,False
2522-AHJXR,False,False,False
4500-HKANN,False,False,False
0048-LUMLS,False,False,False
8769-KKTPH,False,False,False
6297-NOOPG,False,False,False
4377-VDHYI,False,True,False
4360-PNRQB,False,False,True
9972-VAFJJ,False,False,False
6075-QMNRR,False,False,False
3976-NLDEZ,True,True,False
1955-IBMMB,False,False,False
3422-LYEPQ,True,True,True
9720-JJJOR,False,False,False
4654-ULTTN,False,False,False
0383-CLDDA,False,False,False
4039-PIMHX,False,False,False
0963-ZBDRN,True,True,True
2277-VWCNI,True,True,False
4396-KLSEH,False,True,False
0701-TJSEF,False,False,False
7398-LXGYX,False,False,False
2960-NKRSO,False,False,False
3707-GNWHM,True,True,True
3677-IYRBF,True,False,True
7340-KEFQE,False,False,False
7581-EBBOU,False,False,False
6022-UGGSO,True,False,False
2236-HILPA,False,False,False
5052-PNLOS,True,False,True
6158-HDPXZ,True,True,False
7301-ABVAD,False,False,False
8083-YTZES,True,True,True
8587-XYZSF,False,False,False
1094-BKOSX,False,False,False
9637-CDTKZ,False,False,False
2748-MYRVK,False,True,False
8903-XEBGX,True,False,True
6581-NQCBA,False,False,True
1567-DSCIC,True,True,True
9611-CTWIH,True,False,True
4701-AHWMW,False,False,False
3923-CSIHK,True,False,False
5348-CAGXB,True,False,True
6682-QJDGB,False,False,False
1853-UDXBW,True,True,True
8266-VBFQL,True,True,True
1379-FRVEB,True,True,True
8378-LKJAF,True,True,False
1077-HUUJM,True,False,True
0178-CIIKR,False,False,False
1980-KXVPM,True,True,True
0679-IDSTG,True,True,True
1386-ZIKUV,False,False,False
8361-LTMKD,True,True,True
8161-QYMTT,True,True,True
0363-QJVFX,False,False,False
2954-PIBKO,False,False,False
9844-FELAJ,False,False,False
8024-XNAFQ,False,False,False
3454-JFUBC,False,False,False
4480-QQRHC,True,True,True
1150-WFARN,False,False,False
9833-TGFHX,False,True,False
9777-IQHWP,False,False,False
3750-CKVKH,False,False,True
4558-FANTW,True,True,False
0256-LTHVJ,False,True,True
4717-GHADL,False,False,False
7205-BAIAD,False,False,False
9286-BHDQG,False,False,False
4806-KEXQR,True,True,True
8034-RYTVV,False,True,False
6504-VBLFL,False,False,False
7233-IOQNP,False,False,False
7180-PISOG,True,True,True
6372-RFVNS,True,True,True
5167-ZFFMM,True,True,True
3426-NIYYL,False,False,False
1448-PWKYE,True,False,True
5539-TMZLF,True,True,True
0628-CNQRM,False,False,False
2055-BFOCC,False,False,False
6777-TGHTM,False,True,False
5063-IUOKK,False,False,False
3519-ZKXGG,True,True,True
5671-RQRLP,False,False,False
3992-YWPKO,False,False,True
9313-CDOGY,False,True,False
4903-UYAVB,False,False,False
0682-USIXD,False,True,True
0074-HDKDG,False,True,False
5537-UXXVS,False,False,False
3675-EQOZA,False,True,False
6340-DACFT,False,False,False
6892-XPFPU,False,False,True
6557-BZXLQ,False,False,True
4514-GFCFI,False,True,True
0023-XUOPT,True,False,True
2254-DLXRI,True,True,True
7239-HZZCX,True,True,False
5575-TPIZQ,False,True,False
0431-APWVY,False,False,False
4211-MMAZN,False,False,False
7056-IMHCC,True,True,False
4342-HENTK,True,True,True
0516-UXRMT,False,False,False
9483-GCPWE,False,False,False
4840-ORQXB,False,True,False
5966-EMAZU,False,False,False
8433-WPJTV,False,False,False
9142-XMYJH,False,False,False
5062-CJJKH,False,True,False
2676-SSLTO,False,False,False
4560-WQAQW,False,False,False
1784-BXEFA,False,False,False
7375-WMVMT,False,False,False
5934-TSSAU,False,True,False
6370-ZVHDV,False,False,False
9752-ZNQUT,True,True,False
3244-DCJWY,True,True,True
6651-AZVTJ,True,True,False
5480-HPRRX,False,False,True
9139-WQQDY,False,False,False
9926-PJHDQ,False,False,False
6047-YHPVI,True,True,True
5155-AZQPB,False,False,False
8646-JCOMS,False,False,False
9512-UIBFX,False,False,True
6365-HITVU,False,False,False
7964-ZRKKG,False,True,False
9108-EQPNQ,False,False,False
4892-VLANZ,True,True,False
8570-KLJYJ,False,False,False
8401-EMUWF,False,False,False
9097-ZUBYC,False,False,False
6474-FVJLC,True,True,True
6051-PTVNS,False,False,False
0379-DJQHR,False,False,False
5975-BAICR,False,False,False
8988-ECPJR,False,False,False
2805-AUFQN,False,False,False
7925-PNRGI,False,False,False
7167-PCEYD,False,False,False
3023-GFLBR,False,True,False
8338-QIUNR,False,False,False
4213-HKBJO,False,False,False
6874-SGLHU,False,False,False
2400-FEQME,False,False,False
8752-STIVR,True,True,True
1447-GIQMR,True,True,True
4674-HGNUA,False,False,False
0523-VNGTF,False,False,False
4993-JCRGJ,False,False,False
9402-ROUMJ,False,False,False
7129-ACFOG,False,True,False
9050-QLROH,False,False,True
5073-RZGBK,False,False,False
9327-QSDED,False,False,False
6821-BUXUX,True,True,True
3372-KWFBM,True,True,True
4873-ILOLJ,False,True,True
4226-KKDON,False,False,False
1447-PJGGA,False,False,False
3077-RSNTJ,False,False,False
0604-THJFP,False,False,False
3022-BEXHZ,False,False,False
0870-VEMYL,False,False,False
1862-SKORY,False,False,False
3392-EHMNK,False,False,False
5825-XJOCM,False,False,False
8728-SKJLR,True,True,False
5845-BZZIB,False,False,False
7572-KPVKK,False,True,False
8375-DKEBR,True,True,True
7861-UVUFT,False,True,True
2239-CFOUJ,False,False,False
2984-RGEYA,False,False,False
2220-IAHLS,False,True,False
7408-OFWXJ,False,False,False
6481-ESCNL,False,False,True
2696-RZVZW,False,False,False
2754-XBHTB,True,True,True
1952-DVVSW,False,False,False
4759-PXTAN,False,False,False
3334-CTHOL,False,False,False
7470-MCQTK,False,False,True
8818-DOPVL,False,False,True
5696-CEIQJ,False,False,False
0181-RITDD,False,True,False
5803-NQJZO,False,False,False
6654-QGBZZ,False,False,False
9278-VZKCD,False,False,False
2925-VDZHY,False,False,False
1972-XMUWV,False,False,False
5949-EBSQK,False,False,False
3571-DPYUH,False,False,False
2391-SOORI,True,True,False
8763-KIAFH,False,False,False
1741-WTPON,False,False,False
8129-GMVGI,False,False,False
6857-TKDJV,False,False,False
0895-LMRSF,False,False,False
2796-UUZZO,False,False,False
4298-OYIFC,True,True,True
3948-KXDUF,False,False,False
0562-FGDCR,False,False,False
4029-HPFVY,True,True,True
0484-FFVBJ,False,False,False
5380-AFSSK,True,True,True
3506-OVLKD,False,False,False
8711-LOBKY,False,False,False
4419-UJMUS,False,False,False
6366-XIVKZ,False,False,False
7733-UDMTP,False,False,False
8430-TWCBX,False,False,False
8314-HTWVE,False,False,False
6168-YBYNP,False,True,False
4779-ZGICK,False,False,False
7517-LDMPS,False,True,True
8443-ZRDBZ,True,True,True
6248-BSHKG,False,False,False
2866-IKBTM,False,False,False
8949-JTMAY,False,False,True
8606-CIQUL,False,False,False
5307-DZCVC,False,False,False
2139-FQHLM,False,False,False
6857-VWJDT,True,True,True
1833-TCXKK,True,False,False
1768-ZAIFU,True,True,True
1015-OWJKI,False,False,False
8749-CLJXC,False,False,False
4724-WXVWF,True,True,False
1136-XGEQU,False,False,False
9968-FFVVH,False,False,False
5236-PERKL,False,False,False
8098-TDCBU,False,False,False
3094-JOJAI,False,True,False
8970-ANWXO,False,False,False
3896-RCYYE,False,False,False
2230-XTUWL,False,False,False
9537-VHDTA,False,False,False
8873-GLDMH,True,True,True
6898-MDLZW,False,True,False
2101-RANCD,True,False,False
2001-EWBQU,False,True,False
5324-KTGCG,False,False,False
5514-YQENT,False,True,False
2794-XIMMO,False,False,False
8409-WQJUX,False,False,False
3011-WQKSZ,False,True,False
8905-IAZPF,False,True,False
5628-FCGYG,True,False,True
7560-QJAVJ,False,False,False
5103-MHMHY,True,False,False
5630-AHZIL,False,True,False
5380-XPJNZ,False,False,False
3374-LXDEV,False,False,False
5442-PPTJY,False,False,False
1346-UFHAX,False,False,False
5236-XMZJY,False,False,False
1481-ZUWZA,False,False,False
8573-JGCZW,False,False,False
0463-TXOAK,False,False,False
7096-UCLNH,False,False,False
9256-JTBNZ,False,False,False
1322-AGOQM,False,False,False
2990-IAJSV,False,False,False
2294-DMMUS,False,False,False
3780-YVMFA,False,False,False
7029-RPUAV,True,True,True
2155-AMQRX,False,False,False
7493-TPUWZ,True,True,True
8621-MNIHH,False,False,True
5419-KLXBN,False,False,False
5336-UFNZP,False,False,False
4678-DVQEO,False,False,False
2839-RFSQE,False,False,False
0390-DCFDQ,True,True,True
7722-CVFXN,False,False,False
4947-DSMXK,False,False,False
7666-WKRON,False,False,False
5787-KXGIY,False,False,False
8143-ETQTI,False,False,False
6698-OXETB,False,False,False
4016-BJKTZ,False,False,False
4587-VVTOX,True,True,True
4312-KFRXN,False,False,False
8224-KDLKN,False,False,False
2694-CIUMO,False,True,False
5820-PTRYM,False,False,False
0410-IPFTY,False,True,False
4828-FAZPK,False,True,False
1855-CFULU,False,False,False
1085-LDWAM,False,False,False
5318-YKDPV,False,False,False
7124-UGSUR,False,False,False
3836-FZSDJ,False,False,False
0788-DXBFY,False,False,False
9408-HRXRK,False,False,False
5446-DKWYW,False,False,False
6311-UEUME,False,True,True
0536-ACXIP,False,False,False
1217-VASWC,False,True,False
3604-WLABM,False,False,False
6933-FHBZC,False,False,False
5360-LJCNJ,False,False,False
5753-QQWPW,False,False,False
7881-EVUAD,True,True,True
4524-QCSSM,False,True,False
6603-YRDCJ,False,False,False
9940-RHLFB,False,False,True
5804-HYIEZ,False,False,False
4335-UPJSI,False,False,False
3680-CTHUH,False,False,False
2027-FECZV,True,True,True
9089-UOWJG,False,False,False
9812-GHVRI,False,True,False
0988-JRWWP,False,False,True
1545-JFUML,False,False,False
5266-PFRQK,False,False,False
8727-JQFHV,False,False,False
4700-UBQMV,False,False,False
5313-FPXWG,False,False,False
0654-HMSHN,False,True,True
3858-XHYJO,False,False,False
2150-OEGBV,False,False,False
7515-LODFU,False,False,False
5440-VHLUL,True,True,False
1221-GHZEP,False,False,False
6797-LNAQX,False,False,False
5329-KRDTM,False,False,False
6283-GITPX,False,False,False
6000-APYLU,True,True,True
9069-LGEUL,False,False,False
0397-ZXWQF,False,False,False
9967-ATRFS,False,False,False
1131-SUEKT,False,False,False
4468-YDOVK,False,False,False
0899-LIIBW,False,False,True
1575-KRZZE,True,True,False
9700-ISPUP,False,False,False
0289-IVARM,False,True,False
6979-ZNSFF,True,False,True
7279-BUYWN,True,False,True
1036-GUDCL,False,False,False
2432-TFSMK,False,False,False
6034-YMTOB,False,False,True
4160-AMJTL,False,False,False
1960-UOTYM,False,True,False
9207-ZPANB,False,True,False
4530-NDRKU,False,False,False
8173-RXAYP,False,False,False
7492-TAFJD,False,False,False
4121-AGSIN,False,False,False
6661-HBGWL,True,True,True
5228-EXCET,False,False,True
6374-NTQLP,False,False,False
6030-REHUX,True,True,True
3567-PQTSO,False,False,False
2293-IJWPS,False,False,False
9860-LISIZ,False,False,False
8132-YPVBX,False,False,True
2478-EEWWM,False,True,False
8455-HIRAQ,False,False,False
0608-JDVEC,False,False,False
8701-DGLVH,False,False,False
4237-RLAQD,True,True,False
6845-RGTYS,False,False,False
6198-PNNSZ,False,False,False
4223-WOZCM,True,False,False
7198-GLXTC,True,False,True
6910-HADCM,True,True,True
6778-JFCMK,False,False,False
7216-KAOID,False,False,False
0422-UXFAP,False,False,False
0322-YINQP,False,True,False
8727-XDPUD,False,False,False
4075-JFPGR,False,False,False
3312-UUMZW,False,True,True
5921-NGYRH,False,False,False
6383-ZTSIW,False,True,False
2969-WGHQO,False,False,False
5144-TVGLP,False,True,True
5351-QESIO,False,False,False
0388-EOPEX,True,False,True
9565-DJPIB,True,True,True
0420-TXVSG,False,False,False
2408-PSJVE,False,False,False
2911-WDXMV,False,False,True
9365-CSLBQ,False,False,False
6304-IJFSQ,False,True,False
4640-UHDOS,False,False,False
9534-NSXEM,False,False,False
3908-BLSYF,True,True,True
8058-DMYRU,False,True,False
5373-SFODM,True,True,False
8450-JOVAH,False,True,False
7356-AYNJP,False,False,False
0743-HRVFF,False,False,False
4323-OHFOW,False,True,False
0480-KYJVA,False,False,False
7606-BPHHN,False,False,False
9866-OCCKE,False,False,False
1166-PQLGG,False,False,False
5468-BPMMO,False,True,False
8914-RBTSB,False,False,False
2405-LBMUW,False,False,False
7898-PDWQE,False,False,False
1320-HTRDR,True,True,True
3768-NLUBH,False,False,False
5698-BQJOH,True,True,True
6838-HVLXG,False,False,False
8241-JUIQO,False,False,False
3472-OAOOR,False,False,False
3429-IFLEM,False,False,False
2632-TACXW,False,False,False
3200-MNQTF,False,False,False
6388-TABGU,False,False,False
2368-GAKKQ,False,False,False
4489-SNOJF,False,False,False
5294-CDGWY,False,False,False
3639-XJHKQ,False,True,False
1470-PSXNM,False,False,False
8541-QVFKM,True,True,True
5196-SGOAK,True,True,True
6112-KTHFQ,False,False,False
8780-RSYYU,False,False,False
1541-ETJZO,False,False,False
7410-KTVFV,False,False,False
8993-IZEUX,False,False,False
9040-KZVWO,False,False,False
2673-ZALNP,False,False,False
6815-ABQFQ,False,False,False
2892-GESUL,False,False,False
3365-SAIGS,False,True,True
1731-TVIUK,True,False,True
9795-SHUHB,False,False,False
7157-SMCFK,False,False,False
7184-LRUUR,False,False,False
6680-WKXRZ,True,True,True
3594-IVHJZ,False,False,False
0486-HECZI,False,False,False
1047-RNXZV,False,False,False
7691-XVTZH,False,False,False
7404-JLKQG,False,False,False
5482-NUPNA,False,False,False
3638-WEABW,False,False,False
2810-FTLEM,False,False,False
1261-FWTTE,False,True,False
1622-HSHSF,False,False,False
9369-XFEHK,False,False,False
4190-MFLUW,False,False,False
4178-EGMON,False,False,False
3563-SVYLG,False,False,False
3757-NJYBX,False,True,True
3733-UOCWF,False,False,False
9867-NNXLC,False,False,False
2700-LUEVA,False,False,False
8601-QACRS,False,False,False
4302-ZYFEL,False,False,False
9576-ANLXO,True,True,True
6614-YOLAC,False,False,False
9907-SWKKF,True,False,False
9054-FOWNV,True,False,True
5339-PXDVH,False,False,True
4522-AKYLR,False,False,False
2828-SLQPF,False,False,False
3766-EJLFL,False,False,False
0017-IUDMW,False,False,False
3594-UVONA,False,True,False
1550-LOAHA,False,True,False
1139-WUOAH,False,False,False
2545-EBUPK,True,False,True
6029-CSMJE,False,False,False
8577-QSOCG,False,False,False
9334-GWGOW,True,True,True
3794-NFNCH,False,False,False
9052-DHNKM,False,False,False
1436-ZMJAN,False,False,False
6169-PPETC,False,False,False
5501-TVMGM,True,False,True
8992-CEUEN,False,False,False
9103-TCIHJ,False,False,False
6242-SGYTS,False,False,False
6164-HAQTX,False,False,False
1346-PJWTK,False,False,False
3312-ZWLGF,False,False,False
8015-IHCGW,False,False,False
7571-YXDAD,True,True,True
9057-SIHCH,True,True,True
9972-NKTFD,False,False,False
5382-SOYZL,True,True,True
5092-STPKP,False,False,False
9481-SFCQY,False,False,False
4750-ZRXIU,True,True,True
0719-SYFRB,False,True,False
4698-KVLLG,False,False,False
4088-YLDSU,False,False,False
8008-HAWED,False,False,True
9537-JALFH,False,False,False
2386-OWURY,False,False,False
3724-UCSHY,False,False,False
6497-TILVL,False,False,False
1122-YJBCS,False,False,False
7854-EKTJL,False,False,False
0980-FEXWF,False,False,False
6814-ZPWFQ,False,False,False
3722-WPXTK,True,True,True
0270-THENM,False,False,False
5365-LLFYV,True,False,False
9013-AQORL,False,True,False
3030-YDNRM,True,True,True
0816-TSPHQ,False,False,False
6284-KMNUF,False,True,False
9227-LUNBG,False,False,False
2955-PSXOE,True,False,False
3627-FHKBK,True,False,False
7134-MJPDY,False,False,False
5201-USSQZ,False,True,False
6288-CHQJB,False,False,False
5438-QMDDL,False,False,False
7926-IJOOU,False,True,False
9420-LOJKX,True,False,True
7748-UMTRK,False,True,True
4860-YZGZM,False,True,False
5159-YFPKQ,True,True,True
8777-PVYGU,False,False,False
7876-BEUTG,False,False,False
9629-NHXFW,False,False,False
7876-DNYAP,False,False,False
7649-SIJJF,False,False,False
9364-YKUVW,False,False,False
9115-YQHGA,False,False,False
3694-GLTJM,False,False,False
0307-BCOPK,False,False,False
4981-FLTMF,False,False,False
2057-ZBLPD,True,False,True
3197-ARFOY,False,False,False
8158-WPEZG,False,False,False
7502-BNYGS,False,False,False
1658-TJVOA,True,True,True
1074-AMIOH,False,True,False
8347-GDTMP,False,False,False
3058-HJCUY,False,True,False
4012-YCFAI,False,False,False
8717-VCTXJ,False,False,False
6770-XUAGN,True,False,False
7114-AEOZE,False,False,False
9385-NXKDA,False,False,False
2874-YXVVA,False,False,True
5366-IJEQJ,True,False,True
2877-VDUER,False,False,False
4049-ZPALD,False,False,False
3569-EDBPQ,False,False,False
9357-UJRUN,False,False,False
0015-UOCOJ,False,False,False
3926-YZVVX,False,False,False
4537-CIBHB,False,False,False
4115-NZRKS,False,False,True
6608-QQLVK,True,False,True
5727-MYATE,False,False,False
0373-AIVNJ,False,True,False
5419-CONWX,True,True,True
2959-MJHIC,True,True,True
0581-BXBUB,False,True,True
1842-EZJMK,False,False,False
6080-LNESI,False,False,False
4026-SKKHW,False,False,False
2178-PMGCJ,False,False,False
3063-QFSZL,False,False,True
2834-JKOOW,False,False,False
1678-FYZOW,True,True,True
5600-PDUJF,False,False,False
8785-CJSHH,False,True,False
5546-BYZSM,False,False,False
7054-ENNGU,False,False,False
0599-XNYDO,True,True,False
6825-UYPFK,False,False,False
1852-XEMDW,False,False,False
3301-VKTGC,False,False,False
7993-PYKOF,False,False,False
0665-XHDJU,False,False,False
8626-PTQGE,False,False,False
2988-PLAHS,False,False,False
1051-GEJLJ,False,False,False
7892-POOKP,True,True,True
3251-YMVWZ,False,False,False
4658-HCOHW,True,False,True
7488-MXJIV,True,True,True
8495-PRWFH,False,False,False
9309-BZGNT,False,False,False
2428-ZMCTB,False,True,False
9878-TNQGW,True,False,True
1820-TQVEV,True,True,True
2088-IEBAU,False,False,False
9866-QEVEE,False,True,True
4706-AXVKM,True,False,True
9030-QGZNL,False,False,False
3580-GICBM,False,False,False
5281-BUZGT,False,True,False
1353-GHZOS,False,False,False
5057-RKGLH,False,True,False
7181-OQCUT,False,False,True
9405-GPBBG,False,False,False
5049-MUBWG,False,False,False
7460-ITWWP,True,False,False
1895-QTKDO,False,False,False
0742-MOABM,False,False,False
3096-WPXBT,False,True,False
9473-CBZOP,False,False,False
6692-UDPJC,True,False,True
2862-JVEOY,False,False,False
6542-LWGXJ,False,False,False
0447-BEMNG,False,False,False
9220-ZNKJI,False,False,False
9610-WCESF,False,False,False
2770-NSVDG,False,True,False
0056-EPFBG,False,False,False
9412-ARGBX,False,False,False
5140-FOMCQ,False,False,False
1465-LNTLJ,False,False,False
1205-WNWPJ,False,True,False
2659-VXMWZ,False,False,False
7159-NOKYQ,False,False,False
4955-VCWBI,False,False,False
5930-GBIWP,False,False,False
5027-YOCXN,False,True,False
1240-KNSEZ,True,True,False
4227-OJHAL,False,False,False
4686-UXDML,False,False,True
4648-YPBTM,False,False,False
2001-MCUUW,False,True,False
0013-MHZWF,True,False,False
6286-SUUWT,True,True,False
1705-GUHPV,False,False,False
9840-DVNDC,True,True,True
9518-IMLHK,False,False,False
2867-UIMSS,True,True,True
9588-YRFHY,False,False,False
9814-AOUDH,False,False,False
5301-GAUUY,False,False,False
4353-HYOJD,False,False,False
1816-FLZDK,False,True,False
3605-JISKB,False,False,False
0748-RDGGM,False,False,False
4086-ATNFV,False,False,False
0876-WDUUZ,True,False,True
5701-GUXDC,False,False,False
9073-ZZIAY,False,False,False
1452-KIOVK,False,False,True
9389-ACWBI,False,False,False
4521-WFJAI,False,False,False
5857-XRECV,False,False,False
5061-PBXFW,False,True,False
9803-FTJCG,False,False,False
8380-PEFPE,True,True,True
1697-LYYYX,False,False,False
0531-ZZJWQ,True,False,False
2495-INZWQ,True,True,True
3148-BLQJT,True,True,False
4983-CLMLV,False,False,False
1169-WCVAK,False,False,False
1264-FUHCX,False,True,False
5760-WRAHC,False,False,False
2972-YDYUW,False,False,False
3339-EAQNV,False,False,False
1097-FSPVW,False,False,False
2541-YGPKE,False,False,False
4625-LAMOB,False,False,False
8915-NNTRC,False,False,False
9767-FFLEM,False,True,False
2533-QVMSK,False,False,False
0921-OHLVP,True,False,True
9067-SQTNS,False,False,False
1482-OXZSY,False,False,True
3646-ITDGM,False,False,False
0958-YHXGP,False,False,True
7018-WBJNK,False,False,True
7855-DIWPO,True,True,True
9755-JHNMN,False,False,False
4962-CHQPW,False,False,False
3585-ISXZP,True,True,True
9747-DDZOS,True,True,True
4829-AUOAX,False,False,False
4072-IPYLT,False,False,False
0471-ARVMX,False,False,False
2452-KDRRH,False,False,False
3672-YITQD,True,True,True
6582-OIVSP,True,False,False
4973-RLZVI,False,True,False
9298-WGMRW,False,False,False
1493-AMTIE,True,False,False
5924-SNGKP,False,False,False
0871-URUWO,True,True,True
0463-WZZKO,False,False,False
8080-DDEMJ,True,False,False
3530-VWVGU,False,False,False
4631-OACRM,False,False,True
4905-JEFDW,True,False,False
7853-WNZSY,False,False,False
3780-DDGSE,False,False,False
4154-AQUGT,True,True,True
1116-DXXDF,False,True,False
3237-AJGEH,True,True,False
6704-UTUKK,False,True,False
